region_label	chrom	start	end	expected_candidate_type	expected_high_score_family
toy_fractal_scale	toy_chr1	10000	12000	fractal_scaffold_candidate	scale_fractal
toy_constraint_grammar	toy_chr1	20000	21600	constraint_grammar_region_candidate	grammar
toy_g4_physical	toy_chr1	32000	33600	non_B_DNA_physical_susceptibility_candidate	physical_susceptibility
toy_replication_instability	toy_chr1	45000	46800	replication_instability_candidate	fork_texture_nonb
toy_entropy_boundary	toy_chr2	8000	10000	sequence_regime_boundary_candidate	boundary
toy_negative_space	toy_chr2	25000	26600	negative_space_element_candidate	negative_space
toy_te_mosaic	toy_chr2	40000	42400	TE_grammar_node_candidate	TE_grammar
toy_resonant_periodic	toy_scaffoldA	5000	6800	periodic_spacing_grammar_candidate	periodicity_phase
toy_hysteresis_proxy	toy_scaffoldA	18000	20200	asymmetric_repeat_architecture_candidate	asymmetry_repeat_nonb
